names	scores
pval	0.0172989721402579
rho	0.14025545655852
