names	scores
pval	0.00409492324734504
rho	0.176345635854926
