names	scores
pval	0.0173155210873964
rho	0.140478931637468
