Title	Stat
anovawithneg	2.61734436331361e-23
anovawithoutneg	0.623630263445066
