Title	Stat
anovawithneg	7.17635938216315e-28
anovawithoutneg	0.432442667217876
