Title	Stat
anovawithneg	6.44485352897498e-28
anovawithoutneg	0.429722667728848
