class	meanauc
Bacteria	0.774489795918367
Virus	0.671969696969697
