class	meanauc
Bacteria	0.770816161616162
Virus	0.698535533108866
