class	meanauc
Bacteria	0.77873127946128
Virus	0.697870286195286
