class	meanauc
Bacteria	0.783503401360544
Virus	0.654040404040404
