class	meanAUC	meanSPEC	meanSENS
Bacteria	0.799475555555556	0.699822222222222	0.741866666666667
Combined	0.850308888888889	0.668533333333333	0.886311111111111
Metagenomic	0.489779259259259	0.533422222222222	0.494133333333333
Virus	0.82458	0.650266666666667	0.853866666666667
