class	meanAUC	meanSPEC	meanSENS
Bacteria	0.796117777777778	0.696266666666667	0.734933333333333
Virus	0.793028333333333	0.6297	0.8466
Combined	0.815573333333333	0.6488	0.8768
Metagenomic	0.505106666666667	0.540266666666667	0.485733333333333
