class	meanAUC	meanSPEC	meanSENS
Bacteria	0.801314074074074	0.707022222222222	0.732088888888889
Combined	0.855711111111111	0.689733333333333	0.907644444444444
Metagenomic	0.468128888888889	0.524	0.457422222222222
Virus	0.82424	0.650133333333333	0.859022222222222
