class	meanAUC	meanSPEC	meanSENS
Bacteria	0.775	0.678571428571429	0.657142857142857
Virus	0.768333333333333	0.51	0.825
Combined	0.806666666666667	0.59	0.841666666666667
Metagenomic	0.457638888888889	0.566666666666667	0.35
